[{"pk": 1, "model": "auth.permission", "fields": {"codename": "add_logentry", "name": "Can add log entry", "content_type": 1}}, {"pk": 2, "model": "auth.permission", "fields": {"codename": "change_logentry", "name": "Can change log entry", "content_type": 1}}, {"pk": 3, "model": "auth.permission", "fields": {"codename": "delete_logentry", "name": "Can delete log entry", "content_type": 1}}, {"pk": 4, "model": "auth.permission", "fields": {"codename": "add_permission", "name": "Can add permission", "content_type": 2}}, {"pk": 5, "model": "auth.permission", "fields": {"codename": "change_permission", "name": "Can change permission", "content_type": 2}}, {"pk": 6, "model": "auth.permission", "fields": {"codename": "delete_permission", "name": "Can delete permission", "content_type": 2}}, {"pk": 7, "model": "auth.permission", "fields": {"codename": "add_group", "name": "Can add group", "content_type": 3}}, {"pk": 8, "model": "auth.permission", "fields": {"codename": "change_group", "name": "Can change group", "content_type": 3}}, {"pk": 9, "model": "auth.permission", "fields": {"codename": "delete_group", "name": "Can delete group", "content_type": 3}}, {"pk": 10, "model": "auth.permission", "fields": {"codename": "add_user", "name": "Can add user", "content_type": 4}}, {"pk": 11, "model": "auth.permission", "fields": {"codename": "change_user", "name": "Can change user", "content_type": 4}}, {"pk": 12, "model": "auth.permission", "fields": {"codename": "delete_user", "name": "Can delete user", "content_type": 4}}, {"pk": 13, "model": "auth.permission", "fields": {"codename": "add_contenttype", "name": "Can add content type", "content_type": 5}}, {"pk": 14, "model": "auth.permission", "fields": {"codename": "change_contenttype", "name": "Can change content type", "content_type": 5}}, {"pk": 15, "model": "auth.permission", "fields": {"codename": "delete_contenttype", "name": "Can delete content type", "content_type": 5}}, {"pk": 16, "model": "auth.permission", "fields": {"codename": "add_session", "name": "Can add session", "content_type": 6}}, {"pk": 17, "model": "auth.permission", "fields": {"codename": "change_session", "name": "Can change session", "content_type": 6}}, {"pk": 18, "model": "auth.permission", "fields": {"codename": "delete_session", "name": "Can delete session", "content_type": 6}}, {"pk": 19, "model": "auth.permission", "fields": {"codename": "add_site", "name": "Can add site", "content_type": 7}}, {"pk": 20, "model": "auth.permission", "fields": {"codename": "change_site", "name": "Can change site", "content_type": 7}}, {"pk": 21, "model": "auth.permission", "fields": {"codename": "delete_site", "name": "Can delete site", "content_type": 7}}, {"pk": 22, "model": "auth.permission", "fields": {"codename": "add_migrationhistory", "name": "Can add migration history", "content_type": 8}}, {"pk": 23, "model": "auth.permission", "fields": {"codename": "change_migrationhistory", "name": "Can change migration history", "content_type": 8}}, {"pk": 24, "model": "auth.permission", "fields": {"codename": "delete_migrationhistory", "name": "Can delete migration history", "content_type": 8}}, {"pk": 25, "model": "auth.permission", "fields": {"codename": "add_person", "name": "Can add person", "content_type": 9}}, {"pk": 26, "model": "auth.permission", "fields": {"codename": "change_person", "name": "Can change person", "content_type": 9}}, {"pk": 27, "model": "auth.permission", "fields": {"codename": "delete_person", "name": "Can delete person", "content_type": 9}}, {"pk": 28, "model": "auth.permission", "fields": {"codename": "add_requestdata", "name": "Can add request data", "content_type": 10}}, {"pk": 29, "model": "auth.permission", "fields": {"codename": "change_requestdata", "name": "Can change request data", "content_type": 10}}, {"pk": 30, "model": "auth.permission", "fields": {"codename": "delete_requestdata", "name": "Can delete request data", "content_type": 10}}, {"pk": 1, "model": "auth.user", "fields": {"username": "admin", "first_name": "Olexandr", "last_name": "Lykhenko", "is_active": true, "is_superuser": true, "is_staff": true, "last_login": "2015-01-21T12:01:33.286Z", "groups": [], "user_permissions": [], "password": "pbkdf2_sha256$12000$JhrJSKGKu3qT$RNKMogy6OLCtk5BtVl5ti3jrUvn92rz7F660TMnzDWk=", "email": "lykhenko.olexandr@gmail.com", "date_joined": "2015-01-13T13:14:50Z"}}, {"pk": 2, "model": "auth.user", "fields": {"username": "leela", "first_name": "Leela", "last_name": "Turanga", "is_active": true, "is_superuser": false, "is_staff": false, "last_login": "2015-01-13T13:19:39Z", "groups": [], "user_permissions": [], "password": "pbkdf2_sha256$12000$wyPCegAIAspV$aL7yVcbFwbrjtuWWOKrMpgMbGRLfrJRoCbVPwkKYQsA=", "email": "leela@earth.com", "date_joined": "2015-01-13T13:19:39Z"}}, {"pk": 1, "model": "sites.site", "fields": {"domain": "example.com", "name": "example.com"}}, {"pk": 1, "model": "south.migrationhistory", "fields": {"applied": "2015-01-22T08:29:15.494Z", "app_name": "hello", "migration": "0001_initial"}}, {"pk": 2, "model": "south.migrationhistory", "fields": {"applied": "2015-01-22T08:29:16.506Z", "app_name": "hello", "migration": "0002_auto__add_field_person_jabber__add_field_person_skype"}}, {"pk": 3, "model": "south.migrationhistory", "fields": {"applied": "2015-01-22T08:29:16.784Z", "app_name": "hello", "migration": "0003_auto__add_requestdata"}}, {"pk": 4, "model": "south.migrationhistory", "fields": {"applied": "2015-01-22T08:29:17.385Z", "app_name": "hello", "migration": "0004_auto__add_field_requestdata_pub_date"}}, {"pk": 5, "model": "south.migrationhistory", "fields": {"applied": "2015-01-22T08:29:19.758Z", "app_name": "hello", "migration": "0005_auto__del_field_requestdata_pickled_request__add_field_requestdata_pat"}}, {"pk": 6, "model": "south.migrationhistory", "fields": {"applied": "2015-01-22T08:29:20.378Z", "app_name": "hello", "migration": "0006_auto__add_field_person_ava"}}, {"pk": 7, "model": "south.migrationhistory", "fields": {"applied": "2015-01-22T20:38:29.029Z", "app_name": "hello", "migration": "0007_migration_fixture"}}, {"pk": 1, "model": "hello.person", "fields": {"bio": "Turanga Leela was born to Morris and Munda, two mutants who live in the sewer deep under New New York City. When Leela was still an infant, her parents gave her up to the Cookieville Minimum Security Orphanarium with a note scribbled with mysterious symbols to make an impression that Leela was an alien, so that she would have a better life than a typical mutant. For the first three seasons of the series Leela does not give up hope of meeting another member of her race of one-eyed aliens. In the episode \"A Bicyclops Built for Two\", Leela meets Alcazar, a cyclops who convinces her that he and she are the last two members of their extinct race, only to discover that he is a shapeshifting impostor.[1] Leela's parents' plan of concealing her origins works well until an industrial accident caused by environmentally irresponsible Bender brings Leela and her friends into the New New York City's sewer system where for the first time Leela meets her parents and discovers that she is not a cyclopean alien,[2] but is actually a sewer mutant.[3]", "contacts": "none", "user": 2, "skype": null, "birth_date": "2974-12-03", "jabber": null, "ava": ""}}, {"pk": 2, "model": "hello.person", "fields": {"bio": "Born in Dnipropetrovsk, Ukraine.", "contacts": "https://www.linkedin.com/pub/sashko-lykhenko/51/916/122", "user": 1, "skype": "sashkointelcore2duo", "birth_date": "1991-02-01", "jabber": "sashko@42cc.co", "ava": "/media/fixture_persons/2014-10-12-214256.jpg"}}]